id_gasto,departamento_id,categoria_id,periodo_id,monto_gasto_esperado
1,1.0,1.0,13,43972.84
2,1.0,1.0,14,44760.18
3,1.0,1.0,15,43699.65
4,1.0,1.0,16,44354.01
5,1.0,1.0,17,45196.75
6,1.0,1.0,18,44301.58
7,1.0,1.0,19,42882.13
8,1.0,1.0,20,45189.5
9,1.0,1.0,21,44464.92
10,1.0,1.0,22,44201.33
11,1.0,1.0,23,42978.28
12,1.0,1.0,24,44032.79
13,2.0,1.0,13,36636.25
14,2.0,1.0,14,34526.9
15,2.0,1.0,15,36332.26
16,2.0,1.0,16,35880.78
17,2.0,1.0,17,35719.06
18,2.0,1.0,18,36630.35
19,2.0,1.0,19,36569.71
20,2.0,1.0,20,34886.89
21,2.0,1.0,21,34771.96
22,2.0,1.0,22,34224.94
23,2.0,1.0,23,35791.83
24,2.0,1.0,24,33646.44
25,3.0,1.0,13,48901.36
26,3.0,1.0,14,50735.73
27,3.0,1.0,15,47711.19
28,3.0,1.0,16,51345.26
29,3.0,1.0,17,52580.45
30,3.0,1.0,18,51346.99
31,3.0,1.0,19,51225.62
32,3.0,1.0,20,51118.54
33,3.0,1.0,21,51960.56
34,3.0,1.0,22,50996.82
35,3.0,1.0,23,51745.27
36,3.0,1.0,24,50247.15
37,4.0,1.0,13,24425.65
38,4.0,1.0,14,24459.31
39,4.0,1.0,15,26624.39
40,4.0,1.0,16,24189.61
41,4.0,1.0,17,26622.12
42,4.0,1.0,18,25381.38
43,4.0,1.0,19,26338.36
44,4.0,1.0,20,26182.5
45,4.0,1.0,21,26694.33
46,4.0,1.0,22,24507.76
47,4.0,1.0,23,24440.42
48,4.0,1.0,24,24712.07
49,5.0,1.0,13,49132.33
50,5.0,1.0,14,48473.58
51,5.0,1.0,15,53081.06
52,5.0,1.0,16,54879.79
53,5.0,1.0,17,53459.35
54,5.0,1.0,18,50006.37
55,5.0,1.0,19,50962.29
56,5.0,1.0,20,54619.22
57,5.0,1.0,21,47867.53
58,5.0,1.0,22,51328.86
59,5.0,1.0,23,54073.49
60,5.0,1.0,24,55295.71
61,6.0,1.0,13,25258.02
62,6.0,1.0,14,25570.25
63,6.0,1.0,15,25598.13
64,6.0,1.0,16,26419.38
65,6.0,1.0,17,26101.31
66,6.0,1.0,18,26126.98
67,6.0,1.0,19,26533.56
68,6.0,1.0,20,25741.35
69,6.0,1.0,21,25214.55
70,6.0,1.0,22,26195.46
71,6.0,1.0,23,26016.2
72,6.0,1.0,24,25926.64
73,1.0,2.0,13,8403.51
74,1.0,2.0,14,8323.15
75,1.0,2.0,15,8097.67
76,1.0,2.0,16,8129.39
77,1.0,2.0,17,8267.27
78,1.0,2.0,18,8001.32
79,1.0,2.0,19,8175.24
80,1.0,2.0,20,8166.74
81,1.0,2.0,21,8088.01
82,1.0,2.0,22,8351.03
83,1.0,2.0,23,8404.45
84,1.0,2.0,24,8055.38
85,1.0,4.0,13,5192.6
86,1.0,4.0,14,5140.55
87,1.0,4.0,15,5261.78
88,1.0,4.0,16,5207.62
89,1.0,4.0,17,5231.71
90,1.0,4.0,18,5113.03
91,1.0,4.0,19,5089.86
92,1.0,4.0,20,5231.18
93,1.0,4.0,21,5049.2
94,1.0,4.0,22,5085.5
95,1.0,4.0,23,5067.63
96,1.0,4.0,24,5041.54
97,1.0,5.0,13,2589.69
98,1.0,5.0,14,2604.15
99,1.0,5.0,15,2565.38
100,1.0,5.0,16,2536.43
101,1.0,5.0,17,2586.78
102,1.0,5.0,18,2639.28
103,1.0,5.0,19,2570.37
104,1.0,5.0,20,2548.7
105,1.0,5.0,21,2582.73
106,1.0,5.0,22,2617.1
107,1.0,5.0,23,2581.58
108,1.0,5.0,24,2568.28
109,2.0,2.0,13,6506.1
110,2.0,2.0,14,6322.15
111,2.0,2.0,15,6274.09
112,2.0,2.0,16,6027.96
113,2.0,2.0,17,6448.65
114,2.0,2.0,18,6050.6
115,2.0,2.0,19,6103.52
116,2.0,2.0,20,6439.9
117,2.0,2.0,21,6235.39
118,2.0,2.0,22,6165.92
119,2.0,2.0,23,6169.47
120,2.0,2.0,24,6368.63
121,2.0,3.0,13,4223.83
122,2.0,3.0,14,3996.56
123,2.0,3.0,15,4014.59
124,2.0,3.0,16,4354.51
125,2.0,3.0,17,4090.57
126,2.0,3.0,18,4320.83
127,2.0,3.0,19,4215.23
128,2.0,3.0,20,4358.28
129,2.0,3.0,21,4182.42
130,2.0,3.0,22,4102.89
131,2.0,3.0,23,4281.72
132,2.0,3.0,24,4054.42
133,2.0,5.0,13,3108.41
134,2.0,5.0,14,3175.78
135,2.0,5.0,15,3263.67
136,2.0,5.0,16,3085.27
137,2.0,5.0,17,3036.76
138,2.0,5.0,18,3051.21
139,2.0,5.0,19,3247.79
140,2.0,5.0,20,3037.51
141,2.0,5.0,21,3175.83
142,2.0,5.0,22,3096.16
143,2.0,5.0,23,3145.48
144,2.0,5.0,24,3094.79
145,3.0,2.0,13,22620.73
146,3.0,2.0,14,24149.75
147,3.0,2.0,15,24389.3
148,3.0,2.0,16,23985.71
149,3.0,2.0,17,22288.25
150,3.0,2.0,18,24030.16
151,3.0,2.0,19,23524.48
152,3.0,2.0,20,22137.78
153,3.0,2.0,21,22271.03
154,3.0,2.0,22,22565.46
155,3.0,2.0,23,23832.55
156,3.0,2.0,24,24187.18
157,3.0,4.0,13,9962.17
158,3.0,4.0,14,9864.2
159,3.0,4.0,15,9397.89
160,3.0,4.0,16,9667.73
161,3.0,4.0,17,9331.98
162,3.0,4.0,18,9772.14
163,3.0,4.0,19,9169.49
164,3.0,4.0,20,9998.88
165,3.0,4.0,21,9018.18
166,3.0,4.0,22,9045.34
167,3.0,4.0,23,9449.0
168,3.0,4.0,24,9955.93
169,4.0,3.0,13,38845.84
170,4.0,3.0,14,38661.86
171,4.0,3.0,15,37786.43
172,4.0,3.0,16,39460.86
173,4.0,3.0,17,39758.57
174,4.0,3.0,18,38703.38
175,4.0,3.0,19,36851.88
176,4.0,3.0,20,39925.34
177,4.0,3.0,21,36859.56
178,4.0,3.0,22,41326.71
179,4.0,3.0,23,39813.78
180,4.0,3.0,24,37851.94
181,4.0,2.0,13,4545.04
182,4.0,2.0,14,4607.88
183,4.0,2.0,15,4610.75
184,4.0,2.0,16,4706.71
185,4.0,2.0,17,4607.77
186,4.0,2.0,18,4491.37
187,4.0,2.0,19,4209.66
188,4.0,2.0,20,4374.87
189,4.0,2.0,21,4679.55
190,4.0,2.0,22,4406.9
191,4.0,2.0,23,4222.76
192,4.0,2.0,24,4467.98
193,5.0,4.0,13,30293.3
194,5.0,4.0,14,30843.99
195,5.0,4.0,15,30407.66
196,5.0,4.0,16,33219.77
197,5.0,4.0,17,31946.48
198,5.0,4.0,18,31186.41
199,5.0,4.0,19,32453.34
200,5.0,4.0,20,32004.85
201,5.0,4.0,21,30369.64
202,5.0,4.0,22,31653.51
203,5.0,4.0,23,32256.71
204,5.0,4.0,24,30063.78
205,5.0,5.0,13,4492.67
206,5.0,5.0,14,4556.62
207,5.0,5.0,15,4398.66
208,5.0,5.0,16,4372.29
209,5.0,5.0,17,4432.12
210,5.0,5.0,18,4566.69
211,5.0,5.0,19,4712.65
212,5.0,5.0,20,4806.71
213,5.0,5.0,21,4651.91
214,5.0,5.0,22,4827.86
215,5.0,5.0,23,4377.52
216,5.0,5.0,24,4598.85
217,6.0,2.0,13,7044.52
218,6.0,2.0,14,7065.81
219,6.0,2.0,15,7205.41
220,6.0,2.0,16,7055.52
221,6.0,2.0,17,7225.65
222,6.0,2.0,18,7232.84
223,6.0,2.0,19,7014.25
224,6.0,2.0,20,6988.63
225,6.0,2.0,21,7303.88
226,6.0,2.0,22,7084.57
227,6.0,2.0,23,7214.19
228,6.0,2.0,24,7115.8
229,6.0,4.0,13,3134.0
230,6.0,4.0,14,3059.64
231,6.0,4.0,15,2992.06
232,6.0,4.0,16,3098.29
233,6.0,4.0,17,3016.97
234,6.0,4.0,18,3135.21
235,6.0,4.0,19,3039.9
236,6.0,4.0,20,2971.62
237,6.0,4.0,21,2993.47
238,6.0,4.0,22,3053.38
239,6.0,4.0,23,3121.2
240,6.0,4.0,24,3104.76
