id_presupuesto,departamento_id,categoria_id,periodo_id,monto_presupuestado,monto_ejecutado,sin_dato_ejecucion,pct_ejecucion,desviacion_absoluta,desviacion_pct,flag_alerta_sobreejecucion,presupuesto_ytd,ejecutado_ytd,pct_ejecucion_ytd
1,1,1,1,43139.26,42692.08,False,0.989634036374291,-447.1800000000003,-0.010365963625708931,False,43139.26,42692.08,0.989634036374291
2,1,1,2,42084.92,43456.48,False,1.0325902960015132,1371.560000000005,0.03259029600151325,False,85224.18,86148.56,1.0108464522627265
3,1,1,3,42513.95,42426.84,False,0.9979510254869284,-87.11000000000058,-0.0020489745130716054,False,127738.13,128575.4,1.0065545816272712
4,1,1,4,42425.03,43062.15,False,1.0150175497813438,637.1200000000026,0.015017549781343764,False,170163.16,171637.55,1.008664566407911
5,1,1,5,43305.78,43880.34,False,1.0132675130202018,574.5599999999977,0.01326751302020187,False,213468.94,215517.89,1.0095983518726426
6,1,1,6,43203.22,43011.24,False,0.9955563497350428,-191.9800000000032,-0.004443650264957176,False,256672.16,258529.13,1.0072347932085817
7,1,1,7,43572.98,41633.14,False,0.9554806671473927,-1939.8400000000038,-0.04451933285260736,False,300245.14,300162.27,0.9997239922018388
8,1,1,8,42191.19,43873.3,False,1.0398687498503836,1682.1100000000006,0.03986874985038347,False,342436.33,344035.57,1.0046701820452286
9,1,1,9,42766.02,43169.83,False,1.0094423095719454,403.81000000000495,0.00944230957194532,False,385202.35,387205.4,1.0051999942367955
10,1,1,10,42093.13,42913.92,False,1.0194993814905189,820.7900000000009,0.019499381490518785,False,427295.48,430119.32,1.0066086353171815
11,1,1,11,42417.18,41726.48,False,0.983716503548798,-690.6999999999971,-0.016283496451202015,False,469712.66,471845.8,1.0045413721656982
12,1,1,12,42909.19,42750.28,False,0.9962965975353997,-158.9100000000035,-0.003703402464600322,False,512621.85,514596.08,1.0038512404416629
73,1,2,1,8120.44,8158.75,False,1.0047177246553143,38.3100000000004,0.004717724655314294,False,8120.44,8158.75,1.0047177246553143
74,1,2,2,7940.7,8080.73,False,1.017634465475336,140.02999999999975,0.017634465475335898,False,16061.14,16239.48,1.0111038195296225
75,1,2,3,8049.74,7861.82,False,0.9766551466258537,-187.92000000000007,-0.023344853374146254,False,24110.879999999997,24101.3,0.9996026690025417
76,1,2,4,7966.6,7892.61,False,0.9907124745813771,-73.99000000000069,-0.009287525418622836,False,32077.48,31993.91,0.9973947454725247
77,1,2,5,8132.66,8026.48,False,0.9869440011017305,-106.18000000000029,-0.013055998898269482,False,40210.14,40020.39,0.9952810410508394
78,1,2,6,7986.83,7768.28,False,0.9726362023481155,-218.55000000000018,-0.027363797651884438,False,48196.97,47788.67,0.9915285130994749
79,1,2,7,7924.76,7937.13,False,1.00156093055184,12.36999999999989,0.0015609305518400418,False,56121.729999999996,55725.799999999996,0.9929451568937736
80,1,2,8,7918.92,7928.87,False,1.0012564844701044,9.949999999999818,0.0012564844701044861,False,64040.65,63654.67,0.9939728906561691
81,1,2,9,8019.64,7852.44,False,0.9791511838436637,-167.20000000000073,-0.020848816156336283,False,72060.29,71507.11,0.9923233725537325
82,1,2,10,7924.08,8107.8,False,1.0231850258957507,183.72000000000025,0.023185025895750708,False,79984.37,79614.91,0.9953808475330869
83,1,2,11,8027.07,8159.66,False,1.016517857699011,132.59000000000015,0.016517857699010992,False,88011.44,87774.56999999999,0.9973086453306523
84,1,2,12,8127.3,7820.76,False,0.9622826769037688,-306.53999999999996,-0.037717323096231214,False,96138.74,95595.33,0.9943476479928902
85,1,4,1,4979.88,5041.36,False,1.0123456790123455,61.47999999999956,0.012345679012345592,False,4979.88,5041.36,1.0123456790123455
86,1,4,2,4943.86,4990.82,False,1.0094986508517636,46.960000000000036,0.00949865085176361,False,9923.74,10032.18,1.0109273318325551
87,1,4,3,5099.51,5108.52,False,1.0017668364215386,9.010000000000218,0.0017668364215385826,False,15023.25,15140.7,1.0078178822824622
88,1,4,4,5001.91,5055.94,False,1.0108018736842526,54.029999999999745,0.010801873684252564,False,20025.16,20196.64,1.0085632274598555
89,1,4,5,4918.18,5079.33,False,1.032766185865503,161.14999999999964,0.03276618586550302,False,24943.34,25275.97,1.013335423403602
90,1,4,6,4909.42,4964.11,False,1.011139808775782,54.6899999999996,0.011139808775781987,False,29852.760000000002,30240.079999999998,1.012974344750703
91,1,4,7,4921.93,4941.61,False,1.0039984315095907,19.67999999999938,0.003998431509590624,False,34774.69,35181.69,1.0117039145424445
92,1,4,8,5025.49,5078.82,False,1.0106119005310925,53.32999999999993,0.010611900531092476,False,39800.18,40260.509999999995,1.01156602809334
93,1,4,9,5058.42,4902.14,False,0.9691049774435496,-156.27999999999975,-0.030895022556450383,False,44858.6,45162.65,1.0067779645374577
94,1,4,10,4984.43,4937.38,False,0.9905606057262315,-47.05000000000018,-0.009439394273768551,False,49843.03,50100.03,1.005156187334518
95,1,4,11,4912.71,4920.03,False,1.001490012640681,7.319999999999709,0.00149001264068095,False,54755.74,55020.06,1.004827256466628
96,1,4,12,4976.32,4894.7,False,0.9835983216513408,-81.61999999999989,-0.01640167834865923,False,59732.06,59914.759999999995,1.0030586589513235
97,1,5,1,2549.61,2514.26,False,0.9861351343931033,-35.34999999999991,-0.013864865606896705,False,2549.61,2514.26,0.9861351343931033
98,1,5,2,2502.91,2528.3,False,1.0101441921603256,25.390000000000327,0.010144192160325513,False,5052.52,5042.56,0.9980287064672678
99,1,5,3,2547.11,2490.66,False,0.9778376277428144,-56.45000000000027,-0.0221623722571857,False,7599.63,7533.22,0.9912614166742328
100,1,5,4,2536.08,2462.56,False,0.9710103782215073,-73.51999999999998,-0.028989621778492784,False,10135.71,9995.78,0.9861943563894391
101,1,5,5,2451.15,2511.44,False,1.0245966179140404,60.289999999999964,0.024596617914040334,False,12586.86,12507.220000000001,0.9936727666789017
102,1,5,6,2522.07,2562.41,False,1.0159947979239274,40.33999999999969,0.015994797923927443,False,15108.93,15069.630000000001,0.9973988892661493
103,1,5,7,2518.17,2495.5,False,0.9909974306738624,-22.670000000000073,-0.00900256932613766,False,17627.1,17565.13,0.9964843905123363
104,1,5,8,2503.7,2474.47,False,0.9883252785876903,-29.230000000000018,-0.01167472141230979,False,20130.8,20039.6,0.9954696286287679
105,1,5,9,2476.68,2507.51,False,1.0124481160262935,30.830000000000382,0.01244811602629342,False,22607.48,22547.11,0.9973296448785978
106,1,5,10,2514.1,2540.88,False,1.0106519231534148,26.7800000000002,0.010651923153414821,False,25121.58,25087.99,0.9986629025722108
107,1,5,11,2461.16,2506.39,False,1.0183775130426302,45.23000000000002,0.018377513042630314,False,27582.739999999998,27594.38,1.0004220030352315
108,1,5,12,2493.48,,True,,,,False,30076.22,,
13,2,1,1,33287.41,35569.18,False,1.068547537943024,2281.769999999997,0.068547537943024,False,33287.41,35569.18,1.068547537943024
14,2,1,2,33521.26,,True,,,,False,66808.67000000001,,
15,2,1,3,34133.42,35274.04,False,1.0334165167158755,1140.6200000000026,0.0334165167158756,False,100942.09,70843.22,0.7018204200051733
16,2,1,4,33990.99,34835.71,False,1.0248512914745938,844.7200000000012,0.024851291474593744,False,134933.08000000002,105678.93,0.7831951216113942
17,2,1,5,33550.58,34678.7,False,1.0336244559706567,1128.1199999999953,0.0336244559706567,False,168483.66,140357.63,0.8330637522950297
18,2,1,6,34051.15,35563.45,False,1.044412596931381,1512.2999999999956,0.04441259693138104,False,202534.81,175921.08,0.8685967612184788
19,2,1,7,34349.96,35504.57,False,1.0336131395786197,1154.6100000000006,0.03361313957861962,False,236884.77000000002,211425.65,0.8925252982705473
20,2,1,8,33260.22,33870.76,False,1.0183564630660893,610.5400000000009,0.018356463066089186,False,270144.99,245296.41,0.9080176167620211
21,2,1,9,34345.06,33759.19,False,0.9829416515795868,-585.8699999999953,-0.017058348420413164,False,304490.05,279055.6,0.916468699059296
22,2,1,10,34198.91,33228.09,False,0.971612545546042,-970.820000000007,-0.028387454453957944,False,338688.96,312283.69,0.9220368151356335
23,2,1,11,33713.19,34749.35,False,1.0307345581951752,1036.1599999999962,0.030734558195175128,False,372402.15,347033.04,0.9318771118802616
24,2,1,12,33462.42,32666.45,False,0.9762130174685514,-795.9699999999975,-0.02378698253144864,False,405864.57,379699.49,0.9355324856269174
109,2,2,1,5988.89,6316.6,False,1.0547196558961678,327.71000000000004,0.05471965589616774,False,5988.89,6316.6,1.0547196558961678
110,2,2,2,6108.92,6138.01,False,1.0047618891718995,29.090000000000146,0.004761889171899476,False,12097.810000000001,12454.61,1.0294929412844143
111,2,2,3,6090.2,6091.35,False,1.000188827953105,1.1500000000005457,0.00018882795310507796,False,18188.010000000002,18545.96,1.0196805477894502
112,2,2,4,5943.21,5852.38,False,0.9847170131965722,-90.82999999999993,-0.015282986803427765,False,24131.22,24398.34,1.0110694776310523
113,2,2,5,6000.14,6260.83,False,1.0434473195625436,260.6899999999996,0.04344731956254347,False,30131.36,30659.170000000002,1.017516965712799
114,2,2,6,5922.88,5874.37,False,0.9918097277000378,-48.51000000000022,-0.008190272299962217,False,36054.24,36533.54,1.0132938594739482
115,2,2,7,6099.03,5925.75,False,0.9715889247962382,-173.27999999999975,-0.02841107520376187,False,42153.270000000004,42459.29,1.0072596977648471
116,2,2,8,6088.92,6252.33,False,1.0268372716343785,163.40999999999985,0.026837271634378487,False,48242.19,48711.62,1.0097306942325794
117,2,2,9,5951.63,6053.78,False,1.01716336533017,102.14999999999964,0.017163365330169992,False,54193.82,54765.4,1.0105469590444076
118,2,2,10,6033.35,5986.33,False,0.9922066513628415,-47.02000000000044,-0.007793348637158533,False,60227.17,60751.73,1.008709690327472
119,2,2,11,6026.15,5989.78,False,0.9939646374550916,-36.36999999999989,-0.006035362544908423,False,66253.32,66741.51,1.0073685363993832
120,2,2,12,5916.68,6183.14,False,1.0450353914695403,266.46000000000004,0.04503539146954035,False,72170.0,72924.65,1.01045656089788
121,2,3,1,4042.0,4100.81,False,1.0145497278574964,58.8100000000004,0.014549727857496388,False,4042.0,4100.81,1.0145497278574964
122,2,3,2,4006.3,3880.15,False,0.9685120934528118,-126.15000000000009,-0.0314879065471882,False,8048.3,7980.960000000001,0.9916330156679051
123,2,3,3,4044.58,3897.66,False,0.9636748438651231,-146.92000000000007,-0.036325156134876815,False,12092.880000000001,11878.62,0.9822821362653065
124,2,3,4,4004.86,4227.68,False,1.0556374005583218,222.82000000000016,0.05563740055832168,False,16097.74,16106.300000000001,1.0005317516620347
125,2,3,5,3920.09,3971.43,False,1.0130966380873907,51.33999999999969,0.01309663808739077,False,20017.83,20077.73,1.0029923323357226
126,2,3,6,3971.86,4194.98,False,1.0561751924790903,223.11999999999944,0.05617519247909026,False,23989.690000000002,24272.71,1.011797568038603
127,2,3,7,3923.12,4092.46,False,1.043164624074716,169.34000000000015,0.04316462407471608,False,27912.81,28365.170000000002,1.0162061791700656
128,2,3,8,4068.66,4231.34,False,1.039983680130559,162.6800000000003,0.03998368013055903,False,31981.47,32596.510000000002,1.0192311360297073
129,2,3,9,4060.6,,True,,,,False,36042.07,,
130,2,3,10,4053.07,3983.39,False,0.9828080936179241,-69.68000000000029,-0.01719190638207588,False,40095.14,36579.9,0.9123275289723394
131,2,3,11,3969.2,4157.01,False,1.0473168396654238,187.8100000000004,0.04731683966542387,False,44064.34,40736.91,0.92448701149274
132,2,3,12,3929.27,3936.33,False,1.0017967714104656,7.059999999999945,0.0017967714104655432,False,47993.61,44673.240000000005,0.9308164149352384
133,2,5,1,3045.36,3017.87,False,0.9909731525993642,-27.490000000000236,-0.009026847400635798,False,3045.36,3017.87,0.9909731525993642
134,2,5,2,3053.63,3083.28,False,1.0097097552748695,29.65000000000009,0.00970975527486961,False,6098.99,6101.15,1.0003541569997656
135,2,5,3,2950.28,3168.61,False,1.0740031454641592,218.32999999999993,0.0740031454641593,False,9049.27,9269.76,1.02436550130563
136,2,5,4,2998.32,2995.41,False,0.9990294564956375,-2.9100000000003092,-0.000970543504362546,False,12047.59,12265.17,1.0180600435439786
137,2,5,5,2948.31,,True,,,,False,14995.900000000001,,
138,2,5,6,3031.27,2962.34,False,0.9772603562203301,-68.92999999999984,-0.022739643779669853,False,18027.170000000002,15227.51,0.844697753446603
139,2,5,7,3031.9,3153.19,False,1.0400046175665425,121.28999999999996,0.040004617566542416,False,21059.07,18380.7,0.8728163209486459
140,2,5,8,2955.41,2949.04,False,0.9978446306942185,-6.369999999999891,-0.0021553693057815636,False,24014.48,21329.74,0.8882032840186421
141,2,5,9,2997.03,3083.33,False,1.0287951738888166,86.29999999999973,0.028795173888816503,False,27011.510000000002,24413.07,0.9038024901236547
142,2,5,10,3005.98,,True,,,,False,30017.49,,
143,2,5,11,2971.81,3053.87,False,1.0276128016259451,82.05999999999995,0.027612801625945115,False,32989.3,27466.94,0.8326014798737772
144,2,5,12,3044.69,3004.65,False,0.9868492358827993,-40.039999999999964,-0.013150764117200753,False,36033.99,30471.59,0.8456346355205183
25,3,1,1,48383.98,47477.05,False,0.9812555726089504,-906.9300000000003,-0.018744427391049687,False,48383.98,47477.05,0.9812555726089504
26,3,1,2,47204.43,49257.99,False,1.0435035440529628,2053.5599999999977,0.04350354405296278,False,95588.41,96735.04000000001,1.0119954919220855
27,3,1,3,46740.97,46321.54,False,0.9910265020173951,-419.4300000000003,-0.008973497982604989,False,142329.38,143056.58000000002,1.0051092754004831
28,3,1,4,46748.52,49849.76,False,1.0663387846289039,3101.2400000000052,0.06633878462890387,False,189077.9,192906.34,1.0202479507123783
29,3,1,5,48175.45,51048.98,False,1.0596471854440386,2873.530000000006,0.059647185444038534,False,237253.35,243955.32,1.0282481575075757
30,3,1,6,47712.14,49851.45,False,1.0448378546843633,2139.3099999999977,0.044837854684363306,False,284965.49,293806.77,1.0310257919301036
31,3,1,7,48098.73,49733.61,False,1.0339900866405412,1634.8799999999974,0.03399008664054118,False,333064.22,343540.38,1.0314538739706116
32,3,1,8,47951.63,49629.65,False,1.0349940137592821,1678.020000000004,0.0349940137592821,False,381015.85,393170.03,1.0318994078592796
33,3,1,9,47583.86,50447.14,False,1.0601733444911783,2863.279999999999,0.06017334449117829,False,428599.71,443617.17,1.0350384278141485
34,3,1,10,48414.2,49511.47,False,1.022664218349162,1097.270000000004,0.02266421834916211,False,477013.91,493128.64,1.033782515901895
35,3,1,11,47284.14,50238.13,False,1.0624731675356685,2953.989999999998,0.06247316753566837,False,524298.05,543366.77,1.036369999850276
36,3,1,12,47613.91,48783.64,False,1.0245669805315294,1169.729999999996,0.024566980531529458,False,571911.96,592150.41,1.0353873522770884
145,3,2,1,21932.36,21961.87,False,1.0013455004386211,29.5099999999984,0.0013455004386212154,False,21932.36,21961.87,1.0013455004386211
146,3,2,2,21746.38,23446.36,False,1.078173010864337,1699.9799999999996,0.07817301086433694,False,43678.740000000005,45408.229999999996,1.0395956934655164
147,3,2,3,22034.58,23678.93,False,1.0746258834976659,1644.3499999999985,0.07462588349766587,False,65713.32,69087.16,1.051341797979466
148,3,2,4,22202.34,23287.1,False,1.0488579131749176,1084.7599999999984,0.04885791317491753,False,87915.66,92374.26,1.0507145143424959
149,3,2,5,21737.01,21639.08,False,0.995494780560896,-97.92999999999665,-0.004505219439103937,False,109652.67,114013.34,1.03976802388852
150,3,2,6,21834.31,23330.25,False,1.0685132710857361,1495.9399999999987,0.0685132710857361,False,131486.98,137343.59,1.0445413682784408
151,3,2,7,22435.73,22839.3,False,1.0179878256691446,403.5699999999997,0.017987825669144697,False,153922.71,160182.89,1.0406709315344047
152,3,2,8,22131.89,21492.99,False,0.9711321536479715,-638.8999999999978,-0.028867846352028582,False,176054.6,181675.88,1.0319291856049202
153,3,2,9,21945.53,21622.36,False,0.9852739942940545,-323.16999999999825,-0.014726005705945506,False,198000.13,203298.24,1.0267581137446726
154,3,2,10,22015.47,21908.22,False,0.9951284256025422,-107.25,-0.004871574397457787,False,220015.6,225206.46,1.0235931452133393
155,3,2,11,21666.48,23138.4,False,1.0679353545199775,1471.920000000002,0.0679353545199775,False,241682.08000000002,248344.86000000002,1.02756836584657
156,3,2,12,21757.73,23482.7,False,1.0792807889425966,1724.9700000000012,0.07928078894259655,False,263439.81,271827.56,1.0318393412142226
157,3,4,1,8941.71,9672.01,False,1.0816734159349835,730.3000000000011,0.08167341593498348,False,8941.71,9672.01,1.0816734159349835
158,3,4,2,9031.79,9576.9,False,1.0603545919468897,545.1099999999988,0.06035459194688968,False,17973.5,19248.91,1.070960580855148
159,3,4,3,8902.84,9124.16,False,1.0248594830413666,221.3199999999997,0.02485948304136654,False,26876.34,28373.07,1.0556895023652775
160,3,4,4,8899.28,9386.14,False,1.0547077965857912,486.85999999999876,0.054707796585791064,False,35775.62,37759.21,1.055445300458804
161,3,4,5,8845.56,9060.17,False,1.0242618895807616,214.61000000000058,0.02426188958076149,False,44621.18,46819.38,1.0492636008281269
162,3,4,6,9047.2,9487.51,False,1.048668096206561,440.3099999999995,0.04866809620656109,False,53668.380000000005,56306.89,1.0491632130502169
163,3,4,7,8902.42,,True,,,,False,62570.8,,
164,3,4,8,9145.95,9707.65,False,1.0614151619022627,561.6999999999989,0.06141516190226263,False,71716.75,66014.54,0.9204898437254895
165,3,4,9,9129.47,8755.52,False,0.9590392432419408,-373.9499999999989,-0.04096075675805922,False,80846.22,74770.06,0.9248429920409389
166,3,4,10,8845.51,8781.88,False,0.9928065199180148,-63.63000000000102,-0.007193480081985212,False,89691.73,83551.94,0.9315456397150552
167,3,4,11,8905.68,9173.79,False,1.0301055056997332,268.1100000000006,0.03010550569973327,False,98597.41,92725.73,0.9404479286017756
168,3,4,12,9060.83,9665.96,False,1.066785272430892,605.1299999999992,0.06678527243089201,False,107658.24,102391.69,0.9510808462036905
37,4,1,1,23049.76,23043.06,False,0.9997093245222511,-6.69999999999709,-0.00029067547774888283,False,23049.76,23043.06,0.9997093245222511
38,4,1,2,22857.85,23074.82,False,1.0094921438368,216.97000000000116,0.009492143836800101,False,45907.61,46117.880000000005,1.0045802863621087
39,4,1,3,23079.15,25117.35,False,1.088313477749397,2038.199999999997,0.08831347774939705,False,68986.76,71235.23,1.0325927757732063
40,4,1,4,22820.39,,True,,,,False,91807.15,,
41,4,1,5,22936.16,25115.21,False,1.095005005197034,2179.0499999999993,0.09500500519703382,False,114743.31,96350.44,0.8397042058486897
42,4,1,6,22336.7,23944.7,False,1.0719891479045696,1608.0,0.0719891479045696,False,137080.01,120295.14,0.8775542108583154
43,4,1,7,22502.39,24847.51,False,1.104216485448879,2345.119999999999,0.10421648544887895,True,159582.4,145142.65,0.9095153976879656
44,4,1,8,22558.34,24700.47,False,1.0949595581944416,2142.130000000001,0.09495955819444166,False,182140.74,169843.12,0.9324828701146158
45,4,1,9,22367.61,25183.33,False,1.1258838114577285,2815.720000000001,0.12588381145772842,True,204508.35,195026.45,0.9536356339484428
46,4,1,10,22506.84,23120.53,False,1.0272668219972239,613.6899999999987,0.027266821997223897,False,227015.19,218146.98,0.9609356096391611
47,4,1,11,22386.91,23057.0,False,1.0299322237861321,670.0900000000001,0.02993222378613217,False,249402.1,241203.98,0.9671289054903708
48,4,1,12,22547.96,23313.27,False,1.0339414297346634,765.3100000000013,0.033941429734663416,False,271950.06,264517.25,0.97266847449859
181,4,2,1,4036.65,4287.77,False,1.0622100008670556,251.12000000000035,0.062210000867055686,False,4036.65,4287.77,1.0622100008670556
182,4,2,2,4027.74,4347.06,False,1.079280191869386,319.3200000000006,0.07928019186938597,False,8064.389999999999,8634.830000000002,1.0707356663058214
183,4,2,3,4077.47,4349.76,False,1.0667791547209422,272.2900000000004,0.06677915472094226,False,12141.86,12984.59,1.0694069936566555
184,4,2,4,3935.75,4440.29,False,1.1281941180207076,504.53999999999996,0.1281941180207076,True,16077.61,17424.88,1.0837979027977418
185,4,2,5,3984.42,4346.95,False,1.0909868939519427,362.52999999999975,0.09098689395194275,False,20062.03,21771.83,1.0852256725765042
186,4,2,6,3974.29,4237.14,False,1.066137599420274,262.85000000000036,0.0661375994202739,False,24036.32,26008.97,1.0820695514121963
187,4,2,7,4057.87,3971.38,False,0.9786858622873577,-86.48999999999978,-0.021314137712642293,False,28094.19,29980.350000000002,1.067137013026537
188,4,2,8,3959.79,4127.23,False,1.0422850706729396,167.4399999999996,0.04228507067293963,False,32053.98,34107.58,1.0640669271023444
189,4,2,9,3950.43,4414.67,False,1.117516321008093,464.24000000000024,0.11751632100809285,True,36004.409999999996,38522.25,1.0699314333994088
190,4,2,10,3991.78,4157.45,False,1.0415027882298122,165.66999999999962,0.04150278822981217,False,39996.19,42679.7,1.0670941407169032
191,4,2,11,3987.5,3983.74,False,0.999057053291536,-3.7600000000002183,-0.0009429467084640045,False,43983.69,46663.44,1.060925993248861
192,4,2,12,3964.57,4215.08,False,1.0631871804508433,250.50999999999976,0.06318718045084329,False,47948.26,50878.520000000004,1.0611129580093208
169,4,3,1,34599.93,36647.01,False,1.0591642815462343,2047.0800000000017,0.05916428154623439,False,34599.93,36647.01,1.0591642815462343
170,4,3,2,34485.24,36473.46,False,1.0576542312015227,1988.2200000000012,0.05765423120152278,False,69085.17,73120.47,1.0584105098098477
171,4,3,3,35609.72,35647.58,False,1.0010631928585791,37.86000000000058,0.0010631928585790784,False,104694.89,108768.05,1.0389050506667519
172,4,3,4,35099.46,37227.22,False,1.0606208756487991,2127.760000000002,0.06062087564879921,False,139794.35,145995.27000000002,1.0443574436305902
173,4,3,5,34961.74,37508.09,False,1.072832473440967,2546.3499999999985,0.07283247344096715,False,174756.09,183503.36,1.050054164063753
174,4,3,6,35398.47,36512.62,False,1.0314745241814125,1114.1500000000015,0.0314745241814124,False,210154.56,220015.98,1.0469246063468716
175,4,3,7,35430.5,34765.92,False,0.9812427146102933,-664.5800000000017,-0.018757285389706658,False,245585.06,254781.9,1.0374486949654023
176,4,3,8,34566.57,37665.42,False,1.0896487560090573,3098.8499999999985,0.08964875600905726,False,280151.63,292447.32,1.0438894108879537
177,4,3,9,34435.7,34773.17,False,1.0098000040655484,337.47000000000116,0.009800004065548288,False,314587.33,327220.49,1.040157879212745
178,4,3,10,34903.47,38987.46,False,1.1170081370133111,4083.989999999998,0.11700813701331123,True,349490.8,366207.95,1.0478328757151834
179,4,3,11,34893.01,37560.17,False,1.0764382321846122,2667.159999999996,0.07643823218461222,False,384383.81,403768.12,1.050429569341123
180,4,3,12,34953.83,35709.38,False,1.0216156569966723,755.5499999999956,0.021615656996672342,False,419337.64,439477.5,1.0480277897304902
49,5,1,1,46008.36,46351.26,False,1.007452993325561,342.90000000000146,0.0074529933255608645,False,46008.36,46351.26,1.007452993325561
50,5,1,2,45512.59,45729.79,False,1.004772305860862,217.20000000000437,0.004772305860861893,False,91520.95,92081.05,1.0061199102500575
51,5,1,3,45522.38,50076.47,False,1.1000406832858916,4554.090000000004,0.10004068328589155,True,137043.33,142157.52000000002,1.0373180511594402
52,5,1,4,45228.28,51773.38,False,1.1447125559495077,6545.0999999999985,0.14471255594950766,True,182271.61,193930.9,1.0639665716454692
53,5,1,5,45333.48,50433.35,False,1.112496768392808,5099.869999999995,0.11249676839280803,True,227605.09,244364.25,1.073632623945273
54,5,1,6,46559.25,47175.83,False,1.0132429109145873,616.5800000000017,0.013242910914587364,False,274164.33999999997,291540.08,1.0633770971089824
55,5,1,7,46030.96,48077.63,False,1.0444629006216686,2046.6699999999983,0.04446290062166851,False,320195.3,339617.71,1.060658010907718
56,5,1,8,45959.75,51527.56,False,1.1211453500073434,5567.809999999998,0.12114535000734333,True,366155.05,391145.27,1.068250376445716
57,5,1,9,45158.05,,True,,,,False,411313.1,,
58,5,1,10,46179.39,48423.46,False,1.0485946219731357,2244.0699999999997,0.04859462197313563,False,457492.49,439568.73,0.9608217393907383
59,5,1,11,45143.89,51012.73,False,1.1300029749319345,5868.840000000004,0.13000297493193438,True,502636.38,490581.46,0.9760166186140367
60,5,1,12,45539.36,52165.77,False,1.1455095108934337,6626.409999999996,0.14550951089343364,True,548175.74,542747.23,0.9900971356375603
193,5,4,1,27719.78,28578.58,False,1.0309814868660574,858.8000000000029,0.030981486866057485,False,27719.78,28578.58,1.0309814868660574
194,5,4,2,28474.06,29098.11,False,1.021916439032579,624.0499999999993,0.0219164390325791,False,56193.84,57676.69,1.0263881236804604
195,5,4,3,27936.31,28686.47,False,1.0268525084379434,750.1599999999999,0.0268525084379433,False,84130.15,86363.16,1.02654232757222
196,5,4,4,28404.71,31339.41,False,1.1033173723653578,2934.7000000000007,0.10331737236535775,True,112534.86,117702.57,1.0459209706219033
197,5,4,5,28056.36,30138.19,False,1.0742017139785773,2081.829999999998,0.07420171397857733,False,140591.22,147840.76,1.0515646709659394
198,5,4,6,27496.66,29421.14,False,1.0699895914631086,1924.4799999999996,0.0699895914631086,False,168087.88,177261.9,1.0545787120403922
199,5,4,7,28559.2,30616.36,False,1.0720314294518054,2057.16,0.07203142945180536,False,196647.08000000002,207878.26,1.0571133830209938
200,5,4,8,28376.35,30193.26,False,1.0640290241697752,1816.9099999999999,0.06402902416977518,False,225023.43,238071.52,1.057985472890534
201,5,4,9,28525.28,28650.6,False,1.0043932960517827,125.31999999999971,0.004393296051782829,False,253548.71,266722.12,1.051956131032968
202,5,4,10,28477.53,29861.8,False,1.048609201710963,1384.2700000000004,0.04860920171096301,False,282026.24,296583.92,1.0516181756704623
203,5,4,11,28390.54,30430.86,False,1.0718661920484782,2040.3199999999997,0.0718661920484781,False,310416.78,327014.78,1.0534700475921437
204,5,4,12,27626.27,28362.05,False,1.0266333457249204,735.7799999999988,0.026633345724920477,False,338043.05,355376.83,1.0512768418105327
205,5,5,1,3997.7,4238.37,False,1.0602021162168247,240.67000000000007,0.0602021162168247,False,3997.7,4238.37,1.0602021162168247
206,5,5,2,3954.2,4298.7,False,1.0871225532345354,344.5,0.08712255323453544,False,7951.9,8537.07,1.0735887020712032
207,5,5,3,3984.17,4149.68,False,1.0415419020774717,165.51000000000022,0.041541902077471646,False,11936.07,12686.75,1.0628917223173122
208,5,5,4,3929.38,4124.8,False,1.0497330367640696,195.42000000000007,0.04973303676406967,False,15865.45,16811.55,1.059632723937865
209,5,5,5,3980.64,4181.24,False,1.0503939065074963,200.5999999999999,0.05039390650749626,False,19846.09,20992.79,1.0577796432445887
210,5,5,6,4077.65,4308.2,False,1.0565399188257942,230.54999999999973,0.0565399188257942,False,23923.739999999998,25300.989999999998,1.0575683400672302
211,5,5,7,3962.43,4445.89,False,1.122010988206732,483.4600000000005,0.12201098820673185,True,27886.17,29746.88,1.0667251903004251
212,5,5,8,4045.45,4534.63,False,1.1209210347427356,489.1800000000003,0.12092103474273574,True,31931.62,34281.51,1.0735913179475391
213,5,5,9,3992.8,4388.59,False,1.0991259266680025,395.78999999999996,0.09912592666800239,False,35924.42,38670.1,1.076429348059064
214,5,5,10,3987.68,4554.59,False,1.1421653693375597,566.9100000000003,0.14216536933755977,True,39912.1,43224.69,1.0829971362068145
215,5,5,11,4073.17,4129.74,False,1.0138884456087027,56.56999999999971,0.013888445608702732,False,43985.27,47354.43,1.0765974609227136
216,5,5,12,4079.27,4338.53,False,1.0635554890948624,259.25999999999976,0.0635554890948625,False,48064.54,51692.96,1.0754905799576986
61,6,1,1,25978.92,24522.35,False,0.9439326192158873,-1456.5699999999997,-0.05606738078411265,False,25978.92,24522.35,0.9439326192158873
62,6,1,2,25622.69,24825.49,False,0.9688869513700553,-797.1999999999971,-0.031113048629944674,False,51601.61,49347.84,0.9563236495915534
63,6,1,3,25538.04,24852.55,False,0.9731580810430244,-685.4900000000016,-0.026841918956975616,False,77139.65,74200.39,0.9618968973802707
64,6,1,4,25668.16,25649.89,False,0.9992882232306484,-18.270000000000437,-0.0007117767693516183,False,102807.81,99850.28,0.971232438469412
65,6,1,5,25829.43,25341.08,False,0.9810932722866901,-488.34999999999854,-0.018906727713309916,False,128637.23999999999,125191.36,0.9732124227789714
66,6,1,6,25761.3,25366.0,False,0.9846552774898782,-395.2999999999993,-0.015344722510121743,False,154398.54,150557.36,0.9751216559431195
67,6,1,7,25203.85,25760.73,False,1.0220950370677495,556.880000000001,0.022095037067749613,False,179602.38999999998,176318.09,0.9817134950152947
68,6,1,8,25003.12,24991.61,False,0.9995396574507502,-11.5099999999984,-0.0004603425492497896,False,204605.51,201309.7,0.9838918805265802
69,6,1,9,25291.91,24480.14,False,0.967903966129881,-811.7700000000004,-0.03209603387011896,False,229897.41999999998,225789.84,0.9821329878343132
70,6,1,10,25243.28,25432.48,False,1.0074950640328832,189.20000000000073,0.007495064032883236,False,255140.69999999998,251222.32,0.9846422777706576
71,6,1,11,25185.43,25258.45,False,1.0028992953465556,73.02000000000044,0.0028992953465555456,False,280326.13,276480.77,0.9862825488298219
72,6,1,12,25931.41,25171.5,False,0.9706953844777434,-759.9099999999999,-0.029304615522256595,False,306257.54,301652.27,0.9849627538966063
217,6,2,1,7015.62,6839.34,False,0.9748732114909303,-176.27999999999975,-0.025126788509069724,False,7015.62,6839.34,0.9748732114909303
218,6,2,2,7061.15,6860.01,False,0.9715145549945832,-201.13999999999942,-0.028485445005416884,False,14076.77,13699.35,0.9731884516121241
219,6,2,3,6903.34,6995.54,False,1.013355853833072,92.19999999999982,0.013355853833072081,False,20980.11,20694.89,0.9864052190384129
220,6,2,4,6943.08,6850.02,False,0.9865967265248277,-93.05999999999949,-0.013403273475172329,False,27923.19,27544.91,0.9864528372295572
221,6,2,5,7131.24,7015.19,False,0.9837265328329996,-116.05000000000018,-0.016273467167000434,False,35054.43,34560.1,0.9858982160029417
222,6,2,6,7022.17,,True,,,,False,42076.6,,
223,6,2,7,7011.81,6809.96,False,0.9712128537424716,-201.85000000000036,-0.028787146257528422,False,49088.41,41370.06,0.8427663474942455
224,6,2,8,7069.43,6785.08,False,0.9597775209599642,-284.35000000000036,-0.040222479040035806,False,56157.84,48155.14,0.8574962997152312
225,6,2,9,6876.01,7091.15,False,1.0312884943448306,215.13999999999942,0.03128849434483071,False,63033.85,55246.29,0.8764543177990873
226,6,2,10,7023.57,6878.22,False,0.9793053959738425,-145.34999999999945,-0.02069460402615756,False,70057.42,62124.51,0.8867655988473455
227,6,2,11,7000.8,7004.07,False,1.0004670894754883,3.269999999999527,0.00046708947548844805,False,77058.22,69128.58,0.8970954688545881
228,6,2,12,7098.76,6908.55,False,0.9732051794961374,-190.21000000000004,-0.02679482050386265,False,84156.98,76037.13,0.9035154303303186
229,6,4,1,2958.89,3042.72,False,1.0283315702848028,83.82999999999993,0.028331570284802723,False,2958.89,3042.72,1.0283315702848028
230,6,4,2,3055.29,2970.52,False,0.972254679588517,-84.76999999999998,-0.02774532041148303,False,6014.18,6013.24,0.9998437027159146
231,6,4,3,2949.61,2904.91,False,0.9848454541447852,-44.70000000000027,-0.015154545855214849,False,8963.79,8918.15,0.9949084036997742
232,6,4,4,2962.3,3008.05,False,1.0154440806130371,45.75,0.015444080613037167,False,11926.09,11926.2,1.0000092234755902
233,6,4,5,3011.4,2929.1,False,0.9726705186956233,-82.30000000000018,-0.027329481304376763,False,14937.49,14855.3,0.9944977369022506
234,6,4,6,3021.03,3043.89,False,1.0075669556409568,22.859999999999673,0.0075669556409567835,False,17958.52,17899.19,0.9966962756396406
235,6,4,7,2968.22,2951.36,False,0.9943198280450911,-16.859999999999673,-0.005680171954908893,False,20926.74,20850.55,0.996359203583549
236,6,4,8,2954.39,2885.07,False,0.9765366116186421,-69.31999999999971,-0.023463388381357815,False,23881.13,23735.62,0.9939069047402698
237,6,4,9,3046.83,2906.29,False,0.9538733700272086,-140.53999999999996,-0.046126629972791384,False,26927.96,26641.91,0.989377212384451
238,6,4,10,2969.55,2964.44,False,0.9982792005522722,-5.110000000000127,-0.001720799447727813,False,29897.510000000002,29606.35,0.9902613963503983
239,6,4,11,3011.34,3030.29,False,1.0062928795818473,18.949999999999818,0.0062928795818472235,False,32908.85,32636.64,0.9917283648623395
240,6,4,12,3014.33,,True,,,,False,35923.18,,
